epoch,epoch_time_sec,train_loss,train_acc,val_loss,val_acc
1,84.5081,1.641449,36.9664,0.935520,64.8000
2,83.9486,0.547345,82.5120,0.293088,91.4600
3,82.9372,0.314232,90.2153,0.235556,93.1400
4,81.2848,0.262443,91.7504,0.228642,93.0400
