epoch,epoch_time_sec,train_loss,train_acc,val_loss,val_acc
1,77.1825,1.268297,55.2211,0.667456,78.6200
2,83.2142,0.660967,78.3526,0.469323,84.7000
